node,total_income,total_traffic,failed_traffic_ratio,opt_delta,income_diff
0232e20e7b68b9b673fb25f48322b151a93186bffe4550045040673797ceca43cf,49282.0,82,0.2073170731707317,0.0,0.0
0279c22ed7a068d10dc1a38ae66d2d6461e269226c60258c021b1ddcdfe4b00bc4,30000.0,500,0.06,0.0,0.0
03e50492eab4107a773141bb419e107bda3de3d55652e6e1a41225f06a0bbf2d56,18724.0,124,0.1532258064516129,0.0,0.0
03a503d8e30f2ff407096d235b5db63b4fcf3f89a653acb6f43d3fc492a7674019,4612.5,75,0.24,0.0,0.0
03864ef025fde8fb587d989186ce6a4a186895ee44a926bfc370e2c366597a3f8f,3934.0,562,0.0498220640569395,53.0,8306.0
032679fec1213e5b0a23e066c019d7b991b95c6e4d28806b9ebd1362f9e32775cf,3019.5,99,0.04040404040404041,0.0,0.0
03d37fca0656558de4fd86bbe490a38d84a46228e7ec1361801f54f9437a18d618,2867.0,94,0.14893617021276595,0.0,0.0
0390b5d4492dc2f5318e5233ab2cebf6d48914881a33ef6a9c6bcdbb433ad986d0,2440.0,80,0.1375,0.0,0.0
028a8e53d70bc0eb7b5660943582f10b7fd6c727a78ad819ba8d45d6a638432c49,2409.5,79,0.10126582278481013,0.0,0.0
03fb822818be083e0a954db85257a2911a3d55458b8c1ea4124b157e865a836d12,1586.0,52,0.23076923076923078,0.0,0.0
0303a518845db99994783f606e6629e705cfaf072e5ce9a4d8bf9e249de4fbd019,1586.0,52,0.038461538461538464,0.0,0.0
02308c54b63e2c1375a52ce6ca27b171188f99e7c274eaf14be396289d93fb6003,1305.0,9,0.0,0.0,0.0
03bc9337c7a28bb784d67742ebedd30a93bacdf7e4ca16436ef3798000242b2251,1281.0,42,0.07142857142857142,0.0,0.0
02247d9db0dfafea745ef8c9e161eb322f73ac3f8858d8730b6fd97254747ce76b,1281.0,42,0.0,0.0,0.0
022c260f9ad58196af280c80a96ec9eabf6404df59ff1a7553b0f381c875a29ba0,1189.5,39,0.20512820512820512,0.0,0.0
030995c0c0217d763c2274aa6ed69a0bb85fa2f7d118f93631550f3b6219a577f5,1189.5,39,0.10256410256410256,0.0,0.0
031ce29116eab7edd66148f5169f1fb658fad62bdc5091221ab895fe5d36db00b2,1128.5,37,0.02702702702702703,0.0,0.0
028dcc199be86786818c8c32bffe9db8855c5fca98951eec99d1fa335d841605c2,1106.0,158,0.7151898734177216,594.0,67408.0
039edc94987c8f3adc28dab455efc00dea876089a120f573bd0b03c40d9d3fb1e1,1067.5,35,0.11428571428571428,0.0,0.0
02c91d6aa51aa940608b497b6beebcb1aec05be3c47704b682b3889424679ca490,976.0,32,0.125,572.85,2644.1000000000004
022755c3ff4e5a1d71f573cda4b315887fc00a9e5c9ea9a847d939f3e517e69a70,945.5,31,0.0967741935483871,0.0,0.0
03fce165537aea120bffe8505876b44d5119354f825b3eac329b761fc5636bf334,823.5,27,0.037037037037037035,0.0,0.0
0311cad0edf4ac67298805cf4407d94358ca60cd44f2e360856f3b1c088bcd4782,823.5,27,0.18518518518518517,0.0,0.0
03dab87ff8635982815c4567eb58af48f9944d11c56beb12b91e1049aaea06e187,736.0,25,0.04,570.6,1067.3000000000002
03da1c27ca77872ac5b3e568af30673e599a47a5e4497f85c7b5da42048807b3ed,732.0,24,0.125,0.0,0.0
03e5ea100e6b1ef3959f79627cb575606b19071235c48b3e7f9808ebcd6d12e87d,640.5,21,0.19047619047619047,0.0,0.0
024d2387409269f3b79e2708bb39b895c9f4b6a8322153af54eba487d4993bf60f,518.5,17,0.4117647058823529,0.0,0.0
02f3067188240c75beb36477db63771f66c976f7e5bdd6f6ace5508396aba24815,504.0,72,0.027777777777777776,52.07,736.4699999999999
02efe789fcf1d791e9dfc9494b81a9aea7aa0c2a8744c66165d16dc47ce6b88b91,488.0,8,0.25,0.0,0.0
02927ab17049257f50d909d760bebc80ccc267edfcc1346430a04de9e569b1e190,401.59000000000003,4,0.0,0.0,0.0
038ddc73e450a4bfb52992b35be8b0f52e1a1b4726ff319249a3314a508b616cde,384.57,63,0.0,594.0,817.43
0331f80652fb840239df8dc99205792bba2e559a05469915804c08420230e23c7c,375.24,354,0.3531073446327684,599.94,78956.76
03abf6f44c355dec0d5aa155bdbdd6e0c8fefe318eff402de65c6eb2e1be55dc3e,342.98,77,0.2987012987012987,53.0,1661.98
02529db69fd2ebd3126fb66fafa234fc3544477a23d509fe93ed229bb0e92e4fb8,328.65099999999995,139,0.11510791366906475,598.65,14095.325
02d7ca7aae77a43a65a50cbf806cf7b43af2f89c1cf331f98a3415263fa2031368,320.0,4,0.0,521.0,281.0
02da0713ab1b12eeb01f212944a435077f39f1b767ee5c24b01cdb4b0b9377b66b,305.0,5,0.4,0.0,0.0
02c9cb215be13811725c1398ed6f0995eaad5844fc3cd9695e630c81a744c8740d,290.0,2,0.0,0.0,0.0
03b38f5fb693ae96fda9533c7ba45840c0afc4390544223a18dd676d858bfd5b15,250.0,10,0.0,0.0,0.0
03537fe9ed61f81500793ab65f88ed2486e98592783faa5cdef14feb2fe632164b,241.0,1,1.0,0.0,0.0
03beddc8adbf7d56a7da15cdaf95d97b24d07088c3571b421c0e6f9d551a210342,224.0,7,0.42857142857142855,0.0,0.0
0395033b252c6f40e3756984162d68174e2bd8060a129c0d3462a9370471c6d28f,200.0,8,0.0,0.0,0.0
02480676e5bda7b6c902e316c5c57b14cb7a855c287dc927f8c42abba503d64bff,184.06,4,0.0,0.0,0.0
021607cfce19a4c5e7e6e738663dfafbbbac262e4ff76c2c9b30dbeefc35c00643,167.53699999999998,84,0.08333333333333333,56.95,952.3040000000001
0217890e3aad8d35bc054f43acc00084b25229ecff0ab68debd82883ad65ee8266,136.74,129,0.20155038759689922,54.5,2752.38
02a45def9ae014fdd2603dd7033d157faa3a55a72b06a63ae22ef46d9fafdc6e8d,133.8,20,0.15,53.0,220.0
02523f947272e18da0b01d70535ce2b3002a92bdfbcab4cbe123151081f395d6c5,96.25,3,0.3333333333333333,0.0,0.0
030c3f19d742ca294a55c00376b3b355c3c90d61c6b6b39554dbc7ac19b141c14f,92.22,87,0.12643678160919541,57.88,1499.16
02cdf83ef8e45908b1092125d25c68dcec7751ca8d39f557775cd842e5bc127469,91.16000000000001,86,0.16279069767441862,743.94,11083.84
02df5ffe895c778e10f7742a6c5b8a0cefbe9465df58b92fadeb883752c8107c8f,78.4,49,0.5714285714285714,28.9,958.5999999999999
02f45d28f3477a408d0d3e18a6cdedae9d58df18cf271ac84a0ce7d00699f38d19,78.0,12,0.0,24.0,105.0
02725e5abcbf5550fc29e6b19706a1377f25d2b1502684f9be9965b6deac167520,69.96000000000001,66,0.0,595.29,2911.79
032cc4541b25e86e39a7d450a979c1a9adbe2878df3a93fcb59c96c700bfe26aa3,63.56999999999999,39,0.10256410256410256,605.31,2971.1299999999997
03cb7983dc247f9f81a0fa2dfa3ce1c255365f7279c8dd143e086ca333df10e278,56.70600000000001,78,0.28205128205128205,29.77,980.192
03a5927b64b1ea8657d5b770d61a3e2d0554fdb5d568773e0d6a92907913ca21f6,52.349999999999994,50,0.18,58.95,1147.5900000000001
0374ecf61ed6c1208c42339f47decde2bc0c4393ac95f07827b3471e939d7eb961,41.34,39,0.0,58.61,257.01
032b2b3f4abda9677bb9563e226c068d3a2456fb8b036635a81c9bcaa1671d1ada,40.28,38,0.5,28.15,689.97
0242a4ae0c5bef18048fbecf995094b74bfb0f7391418d71ed394784373f41e4f3,38.160000000000004,36,0.1388888888888889,599.94,5370.84
028303182c9885da93b3b25c9621d22cf34475e63c123942e402ab530c0556e675,35.0,5,0.6,595.06,2373.24
023c1f3d0efc623da2829a41426b324245133f99840363435c2e98086de3494bb7,35.0,5,0.2,594.0,1167.0
03bb88ccc444534da7b5b64b4f7b15e1eccb18e102db0e400d4b9cfe93763aa26d,34.34666666666667,153,0.08496732026143791,58.31,2246.75
03f88ce6b35c7f268bf0c70d87c616ea2fdabeadb0c830d02b126db8bebadf79c3,32.24,4,0.0,53.0,28.82
026400d315418e167b29fccdc965010ea1f8f8c8ddbc4a790d77491d8478a4b661,29.889999999999997,1,0.0,0.0,0.0
02690881543d633f3a16c8ff97397f3f2e8765a15f5ac057d701243e5adb7ba856,29.68,28,0.2857142857142857,58.94,630.3199999999999
023e8b9d0c52dc22d07f70a69624e2457df5760ca0b4d87a5df460b08863f46448,29.68,28,0.17857142857142858,148.88,1019.9
03f8ab9b7496be92ce370e0224661d5d2de80bca8f505d66f1226d0e6002007d2a,28.0,4,0.0,594.0,573.0
031a1d89bae752c071fcdac24ecc00059a4fbb583ed15003d09aa94c8fd6242af3,28.0,4,0.25,23.5,94.0
0348e881b4474d71c1f0825f54e3d99e487ece8a41f3fbf1c4de469833ab27206c,28.0,4,1.0,0.0,0.0
02f3069a342ae2883a6f29e275f06f28a56a6ea2e2d96f5888a3266444dcf542b6,27.560000000000002,26,0.038461538461538464,29.44,155.44000000000003
0290fb6ecd5865f7a973e1d48ffbc2612f80f6a2defbd6a188928bd0492bc2847e,26.96,8,0.0,157.69,134.1
026bce917a5854f3c5140cc69c977d19a6d656554120b6dedf045b246941b858c5,26.64,72,0.013888888888888888,59.63,933.36
031678745383bd273b4c3dbefc8ffbf4847d85c2f62d3407c0c980430b3257c403,26.5,25,0.64,23.5,440.14
03205b045b0126c0d3fb826a38b9befc4babf51689544908c704d8e51fdec75ffb,26.0,4,0.0,47.5,28.0
02b0172bb38617fa3afdb69664468b492d5a21062a4fa8b47284b0cc320e6e7420,23.83,37,0.05405405405405406,59.45,156.674
0391489a933ab83094d1af43b3df3e8c8d467474649361912f05211d0e68a28fc9,23.32,22,0.36363636363636365,595.06,5937.879999999999
038df0bd2fad1bfe42d177f18ea5e33543e2b855ef369d06bd94b81d2c87187c82,22.400000000000002,14,0.0,599.4,578.6
0314ecd09f2c9887530ed99436a20dd62607fa0fa0a8d0e2f630cf27f86e91e5f9,21.0,3,1.0,0.0,0.0
035f3a87393269e9bfb594f9ed6d2d3551ff527889be510429a8fa99736d710fdb,21.0,3,0.3333333333333333,0.0,0.0
020e56a13babec99abdc2c4afbe34e1e44230d79b234c059fd4ff1e367765fdb1b,20.68,28,0.07142857142857142,600.94,1784.3200000000002
03012a23c769decc4fb40a92d5300692b576cb8dc887072580638b97911742554c,20.669999999999998,21,0.23809523809523808,58.95,637.9000000000001
0234c548106512a0b93b2555d2638bc2fed3e6b091f75298383356258996230d92,20.14,17,0.6470588235294118,58.94,701.9799999999999
03c2abfa93eacec04721c019644584424aab2ba4dff3ac9bdab4e9c97007491dda,19.080000000000002,18,0.0,599.94,581.92
02ad6fb8d693dc1e4569bcedefadf5f72a931ae027dc0f0c544b34c1c6f3b9a02b,18.4405,307,0.13029315960912052,30.44,4343.070500000001
03649c72a4816f0cd546f84aafbd657e92a30ab474de7ab795e8b5650a427611f7,17.6,11,0.6363636363636364,58.4,462.40000000000003
0327049d8d63f0c40193cdf3afc61817c8647808a4e482de0716fcef74e6d92ebf,16.953,16,0.375,0.0,0.0
02c12b5459cf107ee0440cae41902f1189db50fa003a077f3a6fbe6b5760218695,16.8,30,0.0,600.44,584.2
029d50d59c78b81a39f4ca40b6bc9b89710542a31429b69aa075b91b587979205d,14.84,14,0.5,5.94,76.16
0260fab633066ed7b1d9b9b8a0fac87e1579d1709e874d28a0d171a1f5c43bb877,14.84,14,0.0,58.94,165.16
020f49831fd13556e5b03239df888ca031edaebe5b4efccd52d2f5c6742a743ad6,14.4,9,0.0,0.0,0.0
03780bc0d405f8e9695a4474a03ed3314d761cfa3baf3ea8351c025d66399f969d,14.0,4,0.0,0.0,0.0
027ba5217fecd12ebb621e51b88b8c9640cce659bd894f4c8e820e09173826fca2,14.0,2,0.5,22.44,44.88
031c9a7f2243a1aaa88ea00665760cf8e74a4614d9657316b992dc350d624b22d4,14.0,2,1.0,0.0,0.0
03efccf2c383d7bf340da9a3f02e2c23104a0e4fe8ac1a880c8e2dc92fbdacd9df,13.794,6,0.0,27.2,15.705
0373ca948ffd4cbbd08488c480aa7c43b57e9446c8ac6d3fe1cc92392e39e9eb95,13.780000000000001,13,0.38461538461538464,58.94,406.21999999999997
02c69a0b4cb468660348d6d457d9212563ad08fb94d424395da6796fb74a13f276,13.780000000000001,13,0.07692307692307693,23.94,111.22
0205823109f3d6e1ac5f3e5ab41ab88bf463ffa7b59a81d07d8b688fb737e11955,13.780000000000001,13,0.38461538461538464,5.94,35.22
02f6725f9c1c40333b67faea92fd211c183050f28df32cac3f9d69685fe9665432,12.8,8,0.875,605.35,4842.8
024b82d69859d63f9fce375041a34e61f4bfd445494b41d873ae7505322323d384,12.8,8,0.875,540.07,4320.56
024bda1ec91b277d311aa60d04b1fb856efcc7897c876746b680c1f985fe973f73,12.72,12,0.0,5.94,1.2799999999999976
02e7c42ae2952d7a71398e23535b53ffc60deb269acbc7c10307e6b797b91b1e79,12.72,12,0.0,80.0,149.4
027cf99e95e346897a6f88212d5240fa790e3b4c97581bcffa354de10128998ce7,12.2,2,0.0,0.0,0.0
03295d2e292565743a40bd44da227a820f8730877bc3dfadebade8785bcf355258,11.780000000000001,13,0.15384615384615385,59.94,169.72
03f9ceb115a119594b4688ceed35feb80f33a3dd0f5cf688a7493c1a7217633931,11.66,11,0.5454545454545454,0.0,0.0
029a8741675c4c9078b577ddc4348d602d2fb45a12e6087b617925997a84f4c02e,11.66,11,0.36363636363636365,5.94,30.34
02b414e4e29a685b8699152be47a0420fa3c8ab59629d2da2d6c0a95c582636350,11.66,11,0.36363636363636365,25.06,118.94
02309f3556d51e9d855594762dcf68cb283fbfd7e48618b6cecb8cd90e2e34d8ad,11.66,11,0.0,23.94,63.34000000000001
024a2e265cd66066b78a788ae615acdc84b5b0dec9efac36d7ac87513015eaf6ed,11.66,11,0.18181818181818182,0.0,0.0
0320e5b9f19a1c4dc22ebb751d757eaa5843262cd55a0f1b0d13cb5d445c5c78ae,10.600000000000001,10,0.0,57.88,48.34
0358327cb80ab2a8db36a5924c62966c7b4a753045600df594aa3863ecb618cc5d,10.600000000000001,10,0.3,1.59,5.3
0223390bea8aa598442d056ace37c07e7364da1341b3681c371f6619b2879c0af2,10.600000000000001,10,0.3,59.88,294.1
039f01ad62e5208940faff11d0bbc997582eafad7642aaf53de6a5f6551ab73400,10.600000000000001,10,0.1,599.94,2393.4000000000005
02e9046555a9665145b0dbd7f135744598418df7d61d3660659641886ef1274844,10.040000000000001,20,0.0,59.84,169.96
02c1ac5cee87e4f40f24ea4560ab0e63f398ef5fb630cf50a0e2f638ce51e3169e,9.600000000000001,6,0.6666666666666666,5.63,26.55
03e81a5b8af31bc00a1c1c08419d3272b4982db02feafd739904df2edfcbdf6f7e,9.600000000000001,6,0.3333333333333333,29.9,116.4
032d4baebebfdeab7a2ecef2fbe109cbef10de95f05aa54090fdb687789547dbf5,9.540000000000001,9,0.0,29.44,81.96000000000001
027ce055380348d7812d2ae7745701c9f93e70c1adeb2657f053f91df4f2843c71,9.540000000000001,9,0.0,36.44,65.46
023f5e3582716bed96f6f26cfcd8037e07474d7b4743afdc8b07e692df63464d7e,9.540000000000001,9,1.0,0.0,0.0
03deedbfee762a68a44d2587560507e513ac185908728aaf053ad4a3c096d8acb0,9.540000000000001,9,0.8888888888888888,11.88,106.92
022c699df736064b51a33017abfc4d577d133f7124ac117d3d9f9633b6297a3b6a,9.540000000000001,9,0.1111111111111111,58.94,230.46
03957c801187ade4aaeee6ca1e3f23eeb7413a84558ff1f3543cb41f5f86da609a,9.46,11,0.0,59.14,170.54000000000002
0212864d59d5a902634c4a3186615446e9d56c17b14600f3b74fbabe3509aa707f,8.48,8,0.0,29.44,83.02000000000001
026d9b9c8e55b435f117496e6a885fba7bf76530a5aa6f8f61304f84f9a31dda09,8.48,8,0.875,11.69,93.52
0219c2f8818bd2124dcc41827b726fd486c13cdfb6edf4e1458194663fb07891c7,8.48,8,0.0,30.44,23.02
0332052748755d74b3395b91eaea78b53bd64b55eb031ccb6a7ae23ac445bb6af7,8.48,8,0.25,58.94,171.51999999999998
02262bbc21c171bc91a1d6bbf89571c95873849b9a60d3ea9671b777d852d39ecd,8.48,8,0.125,53.0,99.64
03b1be68b8f564fe53f5456cf4bec901ba968fb72ed7291279ab0c87e0d22f1f49,8.48,8,0.625,60.0,357.88
03a8334aba5660e241468e2f0deb2526bfd50d0e3fe808d882913e39094dc1a028,8.48,8,0.375,4.88,15.28
03021c5f5f57322740e4ee6936452add19dc7ea7ccf90635f95119ab82a62ae268,8.48,8,0.125,149.94,444.52
02d35ad6428b083d63575e3b0ce33e06c507910c131970b07dc194953b43a9794c,8.0,5,0.8,5.4,27.0
03301e633b25d769377bf75ce6b6ed2ec570270bc06c8c02bf33c5bd2aa47da098,8.0,5,0.0,35.9,29.5
03c492f46d8e0a6256bb9c5c42f2aed24717f70a3f39e0961419dee511688e3110,8.0,5,0.8,591.34,2956.7000000000003
032ebdae3314f072acd70e66e18572e6ba27f96918009369585e7cdcf36af3cf9e,8.0,5,0.2,0.0,0.0
027c3b1cc5a649d5f6f7be2d591e34c37dc146fbed54d7f4c85898f9330107fe1c,8.0,5,0.0,0.0,0.0
02964c50e89786896df7e5d10d7bb6995b0bbdaf891ff24fbcc52b75aae544e514,7.42,7,0.2857142857142857,36.44,105.08
02445ff6a24e69242d6f6f38e1b7e8ae9c01eb9b660f3daf3304cb4b7cfeb79a99,7.42,7,0.0,30.87,24.509999999999998
034b2c0bdf0f85acf30ed8527862d229b9f4d6c42eaf72eed8a66e9fc3f8159550,7.42,7,0.0,0.0,0.0
032271efcb35188ef00e3f28469a2bb18b50a5f2f325bd130bdac341af24e9b5f0,7.42,7,0.5714285714285714,28.38,169.22
03f02d965aea25de84613ad2be36573d2bd8c6d6dd47d9a516d233098c281d3ae7,7.42,7,0.0,136.94,130.57999999999998
036ac04a69f2ab587fd83c4f2aca255a81f138276fbca344ac3ecfae28d733be56,7.42,7,0.5714285714285714,30.5,181.94
0223606a0d738aad783a53c82a2553cb63ae256284326165b9390d2324107d5639,7.0,1,0.0,138.0,138.0
0238bb15a12b3da5df3c18e0bd268808f2bf352f58e7fb68a279a41d47f521ea00,7.0,1,0.0,17.14,17.14
02e867c794a0544032eb2fb1cc4a29132a692363006781ed98567b474cf0e9343d,7.0,1,0.0,0.0,0.0
031f8e4c9d882be5b0976d9897f695bd6c66febcd8a67eb1a4f42b9f532f40fd18,7.0,1,0.0,527.06,527.06
037824abf26b48bd8b754273b2781fbc27733f4262c8e0f6147b8603b91e309b0b,7.0,1,0.0,0.0,0.0
03e72a51954b76a4db2632d270802ed8fba41cbfbcf2fc7d236892ed07c2a5e992,7.0,1,0.0,0.0,0.0
03377f891367579d0cdfc2833bc323a1d01514eea40d48cce86d31e398223e0cb3,7.0,1,0.0,0.0,0.0
03f38829a9b9131e3a0887ca21fd042f2d07bd7f151fffefcc3d1585f24c1b3e7e,7.0,1,1.0,0.0,0.0
02875ac2c27835990ef62e5755c34264b2c39f51a41525adc5e52a7f94b3a19f8b,6.950000000000001,5,0.0,29.11,23.549999999999997
026726a4b043d413b45b334876d17b8a98848129604429ec65532ba286a42efeac,6.930000000000001,1,0.0,0.07,0.07000000000000028
022a94ee8d3b1dd52066b33a46a8f1f7ed0d4a9dcf5b0f310ce52e94a392a79299,6.4,4,0.0,22.96,42.720000000000006
03baa70886d9200af0ffbd3f9e18d96008331c858456b16e3a9b41e735c6208fef,6.4,4,0.25,4.34,11.419999999999998
02f24b1e34fd87719377d6aa74864988e23d7b0c80dc6a631f7afd3979fb09949e,6.36,6,0.0,591.34,586.04
02e5353624ec2180f6fd1b584dea493b91f982764db8e2cf520a0f1d18cf0f9d7e,6.36,6,0.0,149.94,144.64
021d9deaf090a021c6e464e3becc5296161e8aaf5de3c7a1d517838cd74525834f,6.36,6,0.3333333333333333,58.94,173.64
02004c625d622245606a1ea2c1c69cfb4516b703b47945a3647713c05fe4aaeb1c,6.36,6,0.3333333333333333,29.44,115.64
0238107198ba9e0e5fd5a0c67eac88e3633072885397c5925205891f8985e52078,6.36,6,0.0,60.44,55.14
03587466207e0ff2787d23f5567ab666436f04fc0df7c996b69701b7e77900993e,6.36,6,0.0,23.94,68.64000000000001
03b2312fa65b43b9ebc6d824af6ac0ad2cee7a490fd3a79af25f7a77bdd6f25c42,6.36,6,0.3333333333333333,58.88,173.46
034143d1a45cb9bcb912eab97facf4a971098385c4701753d6bc40e52192d0c04f,6.1,10,0.1,29.89,115.9
03c436af41160a355fc1ed230a64f6a64bcbd2ae50f12171d1318f9782602be601,5.891,16,0.5,30.38,329.631
025cb2d324ae423d32984c7fc74edd7185b9fc9bd473d389f12483e3738d526600,5.32,4,0.0,5.93,8.66
03a5886df676f3b3216a4520156157b8d653e262b520281d8d325c24fd8b456b9c,5.300000000000001,5,0.0,5.94,1.6999999999999993
0291831e0f2e8d48b2b76fd0624845c4457ddd2bbef2a1379cbf3724aaff59ef4e,5.300000000000001,5,0.2,0.0,0.0
027e8a9c0afcf99078d71b97fd53d53968ac376f9e1320337e352269c8bcc42b61,5.300000000000001,5,0.0,149.94,145.7
03a8355790b89f4d96963019eb9413b9a2c884691837ac976bacfe25a5212892d7,5.300000000000001,5,0.0,0.0,0.0
0251b2c9d22f3621f27188d8236db84d9fd84d42adac063b2633744638b81f34ac,5.300000000000001,5,0.2,209.88,416.58
02de4ba1b08b2895bde816f012d4b4a5fdd797dfdf6443c28db183ca4a83043835,5.300000000000001,5,0.0,30.5,26.259999999999998
034a0fa8e6d83688f3e19c2bcb93fb9d6f366d6c937dbc3c744cb21db6e093958b,5.300000000000001,5,0.4,0.0,0.0
0267586e510d80fab314fbfa091f383b775646e7a87bc9ed8cd59bcded50405d6a,5.300000000000001,5,0.0,58.94,54.7
0292e8060da527f77be1db34a2a9f0b0baf158094e7424970806d5c9f90f4db312,5.300000000000001,5,0.0,599.94,595.7
02740c62f38896511eb98479036b06907fcac283f62d08b756a1e25fb55e3f6772,5.300000000000001,5,0.2,31.04,91.0
02d558babbb875e3b4d2e43ef02ea6bf713722523ab52d77f6604ba9183013aae4,5.300000000000001,5,0.0,0.0,0.0
032c4b954f0f171b694b5e8e8323589e54196b48cf2efc27692513a360cb11d76f,5.300000000000001,5,0.0,28.44,53.7
02d7cf25ef92bd4dfb6aa9a0e7d955a1225c5f168328b771c6d194fec359302d30,5.300000000000001,5,0.6,30.5,120.94
03c2c348fac3e4953a797ba632ae8379bd4ae0ccc8d2598b7207eb62019fcbd875,5.300000000000001,5,0.6,7.0,26.94
0215bea618806194ad88b80de8bc11c6391edb2fa1beeea6174305856596faeee8,5.300000000000001,5,0.4,5.13,13.27
0398212beaa280eabc2223dcacf248496c59195fea23a7684888cb948baa9f38e6,5.300000000000001,5,0.0,58.94,114.7
02b4cb8be9077c3b14d6aa575bc94adbc0e08f9f2dedfbc5774ded9095079740f0,5.300000000000001,5,0.0,54.12,105.06
03fab7f8655169ea77d9691d4bd359e97782cb6177a6f76383994ed9c262af97a5,5.300000000000001,5,0.0,118.34,114.10000000000001
03f456e8c3479654da4498b64c1aa80656a33561d52f3444f5930f5c4a410a6fb6,5.300000000000001,5,0.2,5.43,27.15
02a4aa22327ca4f511ebd22b72d6b00ac3b529a7d4c2de7d8ac939a48371559e8e,5.300000000000001,5,0.0,0.0,0.0
03e90fd715dd766a0ed532dc1ba45e5fb913b1dc29d5afd9b700548d98d53b598c,5.300000000000001,5,0.0,0.0,0.0
03cac8425d15440dec66f7a86155f2f457301aa434a6abdb82af2252ef477e7eb0,5.300000000000001,5,0.8,0.0,0.0
0327e003e3c742db9a77f436e672bd42bd4a302ec0f92f0486c4fe09143bcfb0b9,5.300000000000001,5,0.8,0.0,0.0
0354fcd9f1554f3505238e1b3c29223868953730c30b6565ad482dc31e90bcfa93,5.300000000000001,5,0.8,0.0,0.0
027c3abc90a51617fb9cf5162c2fedfd9832c620ef82b54e413e9ce0f892dabb0d,5.300000000000001,5,0.2,571.79,1140.3999999999999
0200072fd301cb4a680f26d87c28b705ccd6a1d5b00f1b5efd7fe5f998f1bbb1f1,4.96,16,0.0625,6.69,16.040000000000003
0276e09a267592e7451a939c932cf685f0754de382a3ca85d2fb3a864d4c365ad5,4.869000000000001,9,0.2222222222222222,29.02,113.375
02d4531a2f2e6e5a9033d37d548cff4834a3898e74c3abe1985b493c42ebbd707d,4.800000000000001,3,0.3333333333333333,0.0,0.0
03f47ba61341a704b0910b6d1fc8a938bb97152e8df94dfc142816d2721b5d5c73,4.800000000000001,3,1.0,0.0,0.0
024bd94f0425590434538fd21d4e58982f7e9cfd8f339205a73deb9c0e0341f5bd,4.800000000000001,3,0.0,172.9,169.7
029b71b8186914267ea59cb081c43ad1aeb874b5a185a4e5b2d56303f89dd8aa0d,4.800000000000001,3,0.0,0.0,0.0
038d0543c2f838fc6229bd7b80df46d8bad9f30c874ee3ac4578c4ce6f57956f08,4.800000000000001,3,1.0,0.0,0.0
0394396e6e8cf8d9f91de4269dfd2e8416b93b91cae6139057c7283b463e4bfa31,4.800000000000001,3,0.0,118.34,115.14
03c978c9181ac634ca7fc2ba65c4672be5a36b564460bee574ba17bb1653ae6abb,4.800000000000001,3,0.0,0.0,0.0
029cf833ceef83b31b2e202d46c99c2dc9b5fa56259d8b84d128ee37e65e4e96d3,4.800000000000001,3,0.0,58.4,55.2
02b67e8e5cdb3d80dc38736ec0f6378b6199a99d769aeded2c3460f548de8822d9,4.800000000000001,3,0.0,0.0,0.0
033613d280de1eba995c7545e93caf76cfba41bef88c2d6732a67ce06c168b3acb,4.800000000000001,3,0.0,51.72,101.84
020d41c5a32f06d7addc7378f2d4a6596358d8716a3eb5d5bbdd894a82a1fdd00c,4.545,9,1.0,0.0,0.0
0279f930a60afe43131fd3328ff4a9c55293254c328f45e76695c1ab9b3c5a68b2,4.24,4,0.5,570.5,1710.44
038b36a43c38f75cd15bb25394f1cd162f717df005585229182e62620db9d3f3ea,4.24,4,0.75,11.69,46.76
0384d130bfd760b6e9e1155963558367533552ef971563a72c6c5cb117af9db93d,4.24,4,0.25,58.27,114.42000000000002
021779d56f6992431e959991a664d678a2f41054073adb48c5a351d791c9cb0781,4.24,4,0.0,5.94,2.76
034e2d76ccc789e7a79c4fc395a1f5810d614a361df7daf0b4647f976eae932d4f,4.24,4,0.5,0.0,0.0
030a400157099427f49f5001115bed4bdf82c7b98c904375ed0c7bd7ffd29273d7,4.24,4,0.0,58.94,55.76
020de548b86e373e795e37343c9ef6f972d45ade479cc71ed5a9a7dac2588d0a37,4.24,4,0.0,58.94,175.76
031d244a60d61936834f290656cdf0ed4b9979260c19b07804bde681819f8e14ca,4.24,4,0.75,0.0,0.0
031157d786ca2fb7b86f330366db3e0bb6925b336d285ed40705976eaa68ead610,4.24,4,1.0,0.0,0.0
022df3659d511f156e3ee91ef608a095ce3399234d374c7105356a36a904469372,4.24,4,1.0,0.0,0.0
03f6909c9c7f32df56567e7b8169c58dde716d341dc714b1596e3f4d5d647476d1,4.24,4,0.0,29.43,117.72
0204a2b95b4c208383d7f02e741a8bfd5b5b7e8bea8d1543b1255da8342d9f2c6b,4.24,4,0.0,35.38,68.64000000000001
02e2670a2c2661a9eea13b7cfdcdd7f552f591b9ee60e5678b7abe77b7f9516f96,4.24,4,0.0,28.44,25.259999999999998
026c7d28784791a4b31a64eb34d9ab01552055b795919165e6ae886de637632efb,4.24,4,0.0,149.94,146.76
03a17e8ec9570e1b71d1c719aeeafa88b0604068863dc88028b490b96c2898dda8,4.24,4,1.0,0.0,0.0
02f9c7deb297e32fc3d3d55f336176055cd667a2fada0bd5663e7413e1aba55b86,4.24,4,0.75,0.0,0.0
03ac2a5d7df493c67195067dfb38e7e250c89ecb4fe5c2d918fc31fd9a08695516,4.24,4,1.0,0.0,0.0
0358b6d4e10b3a232b7b6f4acee3aab99b5f7f4e9a9e69bcecc875ea1e1a147681,4.24,4,0.0,0.0,0.0
02c0b38022846c6b6f45b30031859ac7c5fb0c67ec8ed5cce8409c4b438c267ffe,4.24,4,0.0,53.44,159.26
023216c5b9a54b6179645c76b279ae267f3c6b2379b9f305d57c75065006a8e5bd,4.122,3,0.0,30.44,60.819
028b2c9ed9427b31db21ed75eac119b040cf3e9bdbfaa378cde8561cf1274b4228,3.258,3,0.0,22.94,20.742
031567fdf33cb9b4ab081019199295ffce38218751842a403e9fcf48778e4c3022,3.24,4,0.0,0.0,0.0
026b105ac13212c48714c6be9b11577a9ce10f10e1c88a45ce217e6331209faf8b,3.2,2,0.5,29.8,59.6
030f5bd59457dba436dfdebceebcc3206ac8dfcd40bb1a616942253c3fcc5be174,3.2,2,0.5,0.0,0.0
024655b768ef40951b20053a5c4b951606d4d86085d51238f2c67c7dec29c792ca,3.2,2,0.5,28.66,57.32
037db7ce71ef503ed0e45aacbd346f3b1af40122d1d0eeb52d574711bb9a5bcf5f,3.2,2,0.0,29.9,28.3
02be74034df42a6cefa7d204ac726393f07a2b2cac9cee07400056c3512b6c2271,3.2,2,0.0,143.4,141.8
0214382bdce7750dfcb8126df8e2b12de38536902dc36abcebdaeefdeca1df8284,3.2,2,0.0,5.4,3.8
03975535656e13c2b0b534f601d5f1f6d9ea4b13745604e8619269fd00ce927ae3,3.2,2,0.0,0.0,0.0
0370cf2693c16b5dc1632ae69e4751a0a88fa8f5705d53cb4c9cf805e5ef57aa45,3.18,3,0.0,6.94,4.82
03555a11db2e0c3a97571ba144076adac8513d68a2cdf19580e2dcc54b25b78a3a,3.18,3,0.0,28.15,26.029999999999998
03398603de59d47f16bed1232bcc3da6715745e6609e84b33548755322af391f23,3.18,3,0.3333333333333333,57.34,113.62
026e186f6cf00009595c9083980304f0be65c8c3736b63c1c9135ef9aa952f644e,3.18,3,1.0,0.0,0.0
024b8019795ec753fcdb1eb21ecd319bfab6a8b05e017f357dc5f052a181fb8c91,3.18,3,0.0,0.0,0.0
026ba13a7a31fb7bdf7a5e592a2d82668c17d133dd9c5bd295ac1c199ccd3eca0d,3.18,3,1.0,0.0,0.0
03783fe0ad682e695e1d132df84222066d483599b5b49b879a7c6aeb66f57adb56,3.18,3,1.0,0.0,0.0
02eba09307381af968573eef29f134126ecc354c2aeb1865b443732b87be78677c,3.18,3,1.0,0.0,0.0
02ee8c40b64c2bd14bba4a7a7a80b06065f3a683b2f02b9580be5e8bffe201beda,3.18,3,0.0,0.0,0.0
0375e5cc9e6f791bda82c9897faffbdc74aacd5df7c87496f91dcf6a72eb9a87e6,3.18,3,0.0,29.44,57.82
0251325d14723f7c44d109acad89e65f5285d487d9ec95a7d9ff667b48ad1b3efa,3.18,3,0.0,5.94,17.82
02a94aadd09055ca615bd76aacb6bba748ed8a0d2e5924aea643e3dc3912085314,3.18,3,0.0,0.0,0.0
036403186a467144ea6aaf4d6e42f7544e91a78e0f8ebd8e38bd2054b953d82e3f,3.18,3,0.3333333333333333,5.01,8.96
02b3877314aff657216ceac039244fe94e7116af10cfffac0232fefa5903c62a58,3.18,3,0.3333333333333333,23.88,46.699999999999996
0314dc1c496290a33f8fba3e78332418b1c136d9fb2a14d4a181e3cc9a653ee2f8,3.18,3,1.0,0.0,0.0
03aa43aa4e4f57d57c1ee8e350e280da399b1a570bc98f287dd4dad1e23bec2cb7,3.18,3,0.0,60.44,119.82
03ec0c1e45b709d708cd376a6f2daf19ac27be229647780d592e27d7fb7efb207a,3.18,3,0.0,0.0,0.0
02f9f2ef60e438960698992ba8ab9b6f09cf2a5077f261e5cd7ee5cdc154fffcb2,3.18,3,0.0,82.44,80.32
03cfea6e01d8735d29863d0ecc0f637e5da25c3afb1894e6cb1c25cc9c52dbceef,3.18,3,0.0,58.94,56.82
03f259a1908e98d3b618c79581e0ee04295a55e2d61e609db40f4e6f38c526a46a,3.18,3,0.0,4.65,13.950000000000003
03038c30c32821a3f61eb37d64347575bda0c609fa0b4238d45a138947e1f4edce,3.18,3,0.0,29.44,88.32000000000001
03c613267a1745d08984621be6a710487cb97eb595f7672a550cbd10a6f70c873f,3.18,3,0.0,29.44,57.82
032c6b30d84a7fe254537ec1c00f18775fc6dd1d1de1e305b5a980a4c0d6a8e35d,3.18,3,0.0,57.5,55.38
0215f33968047401f191b2c3203ece6d5781ca7f2c018e7795d5e5ddc05c8b4ebd,3.18,3,0.0,30.5,28.38
0282734a2ca9bdca61859c71efdc43234ea664ecba9a785f780c6eec8c80243b45,3.18,3,0.0,0.0,0.0
02c39f43c8fbdcac05b62e92b9f144b9719de14f39e6714a6a67f67aa4872c67a7,3.1790000000000003,3,0.0,0.0,0.0
024a8228d764091fce2ed67e1a7404f83e38ea3c7cb42030a2789e73cf3b341365,2.8,2,1.0,0.0,0.0
03ed88bb37c8c53c509d9a355e5a103614ebd30c98b7895ea4ccaddee262db190d,2.68,3,1.0,0.0,0.0
0317d6b11e81729192aab651174991a32e566786a7abb45b88898ed27e218a15e6,2.6,10,0.0,61.44,58.9
02731b798b39a09f9f14e90ee601afb6ebb796d6e5797de14582a978770b33700f,2.513,2,0.0,30.5,29.046999999999997
02f40890af885da4673f0ee9725ee74bb2c66d6491cc4334056a2701057993e61d,2.24,4,0.0,150.44,148.76
020327bbd6b7ebf577a041e24cbdc0b3ddb6ec4a2ec89e271260fc9d6fbaccc80a,2.24,2,0.0,0.0,0.0
033dd79123e7c386655f72d3eed186c071ef3b4a625d3fb9f613635e6483ff6823,2.181,3,0.0,56.95,113.83900000000001
025a1cba5457f9e789aeb9604bfd602b5d18b48014d4454316b7b6d74b56e76b1f,2.12,2,0.0,0.0,0.0
02445567c03b3e2feb0deadff5bf1df5f308c0ae539c0d742dfbc63860c69e1c05,2.12,2,0.0,0.0,0.0
0218c47722e9613edf519bfa353d50b3d2bdb37d90f656d98f77bd944bf444c46c,2.12,2,0.0,59.49,58.43000000000001
02cf3cc45d8fee5055c4ba5a58fe22ae973685fa2cb43e2c5b6454eaa1d08066a8,2.12,2,1.0,0.0,0.0
021bbb8db00487ea8cc040533224f6bca1dae0b2aaf5489797eee16ebd2b6ad00b,2.12,2,0.0,60.08,59.02
02ab9dabbf646626d32863e9dc81560e48681d2a49e0da3fbb4b4df11a58cc0fd3,2.12,2,0.5,58.88,117.76
02391075fbaff5b7daab0f7aa4ad8ad70e07764c853574f20a848235594490c6ac,2.12,2,0.0,0.0,0.0
02ad3fea735a00896607a626caddb03338f52c0651670bb05815401e5e74cc4cee,2.12,2,0.0,5.94,4.88
02cb2677db78e50a6d178092bf8c9b1f0e7d4b9a2bed918bc3f276c89c1649ba5b,2.12,2,0.5,0.0,0.0
02b63f62d2109b05deb45d18dde6c829d1df4825dfc104f858e5ec165bc6b11690,2.12,2,0.0,29.44,28.38
0225313f6c76ba1fff4bb1d67e6333eb6b514dc7af60346f585cc7dd9ed7cc13f4,2.12,2,1.0,0.0,0.0
023062afced94dc97f5d756f94099b46b25407df418d3b4cf43d03dea3417cdc43,2.12,2,1.0,0.0,0.0
02c68169a28016de14cb59bf33983f18dbdb030601baef508105c7fde8d0d85159,2.12,2,0.0,143.94,142.88
02dce7cacb2827e75b31ea694045c3736a234d629483cfc43eb7d9088c89e0c803,2.12,2,0.0,58.94,57.88
026ba4fea7ba82e578ce294bd168daa25f7950db0409c15145036f25c905ccfd9a,2.12,2,1.0,0.0,0.0
030ba3e4b6b3f8cbfae2ff7b243bfb12a2208afd17dd0fe0ab50e5b0c1212bb83f,2.12,2,1.0,0.0,0.0
02628d8e2f33869db7417c8da48947d441dcd839e0a3ce5e91f9c790d1131cf9f7,2.12,2,0.0,0.0,0.0
02e4aaf7c4f4b8ccb105ddf90ff991a76d43a2b732bac12dda043add4ef51846ed,2.12,2,0.0,29.44,58.88
025ec98aec0297b115008e29628762a6f9a6b14fae97aeb53d63a86e193374852f,2.12,2,0.0,601.23,1202.46
0319fec13dcb6df5b6a0cee49e85b4f6c48e5387d62d67858d6d46615b6e683f81,2.12,2,1.0,0.0,0.0
02ee8c98a78d8061f6c9c09a9b36b05e02e03736609ea5e5eb8afdcd7f7163c50f,2.12,2,0.0,0.0,0.0
0314fe257ea2941bab491bd8055015a84a4324e1b0a76dd97e72da037181e2b826,2.12,2,0.5,28.38,56.76
027a0eaffb8e103f9059d2d40b7c2d8993affc169168ca1808f752ee36ccf196ee,2.12,2,0.5,28.44,56.88
020b95133888176c1def9d03b5426aa13d6c5c7f3406c946441ce2eaab23c40834,2.12,2,1.0,0.0,0.0
0218078e511de456bba70dda5e76279a949065391f41060deccb1085ac03ee4c9b,2.12,2,0.0,0.0,0.0
0204e5a5ff14b090c1210cb99e7e616f840e0ef1b08fc9a268d13b7a2e5e997845,2.12,2,0.0,0.0,0.0
02083e55c359ad6d423c0f63821f3230c64aa9089b81c6cf7702d3ba6272ff6c96,2.12,2,0.0,0.0,0.0
02059220fa2153fb6d7768d7d67c6b86f441f83b7046aea492f2018f7b800edfa9,2.12,2,0.0,180.38,179.32
02a15d043069892b1f93bdf4bf0160447afd61f7f23548bf1c56d92fd9744281e6,2.12,2,0.0,28.74,27.679999999999996
0271edb6a351758e5073d133e7ce7c8fcac73b47731a8d8fbcd1c1a1842641b468,2.12,2,0.0,0.0,0.0
021802799027508e8a8bf9a0ab96ea78a6a995926a0b1310561a74375a06e14de9,2.12,2,0.5,23.5,47.0
03321fab5e3db6c378e23e9cceb522325dc4f6b0c68819944569128d34cba9cca3,2.12,2,0.0,7.0,5.94
03f7e29340c307ee37db5734834d34e3f286e2f70c6bb92b0b12e599860cea6691,2.12,2,0.0,5.94,4.88
031ff0d4a903dc715fb935890972be8400c6f9df21ebe8a503f584e7a9ecce8d6c,2.12,2,0.0,0.0,0.0
032060a40a94dc7b848d02314e4ccebe20f451dc87f28c1ed685caa58bfcc3989a,2.12,2,0.0,29.44,28.38
03609e92ab6dff378b6a7aca6f856bf5e9d56cadd622bd402a9b03d9a583c817b5,2.12,2,0.0,53.54,107.08
036a33e92cda2679ac91ac0467acb1ba33396c0df1119521653e0f269c275dd6bf,2.12,2,0.0,58.94,57.88
03a6f9139dafd65a9ea12abeb0d11a46301b116992fef4f8064f0d1d415e14736e,2.12,2,0.0,0.0,0.0
034df87aa03be1cdb60d8acfbe69d5cfde480c0d53f853f73d2243d3b2464857cb,2.12,2,0.0,59.94,58.88
03728053580578793c83d47f235b187f513dcddda4135e7764f53e40c6d2adea69,2.12,2,0.0,0.0,0.0
0320f42d91c643b5a541758e4ecf4ad1d7f25b04ae149755adee8cd79fa9fbdfe3,2.12,2,0.0,31.58,30.52
032569bb9504f24ad4684fee59223d39f3adb1f846cdd8a0aeaae3f56e2525dda8,2.12,2,0.0,5.94,4.88
033cfb88e57bf05550bf461878e58b08a56c4f7cc972b2428e5a35a70a0d2b25c9,2.12,2,0.0,58.94,117.88
029d48dc90dd482d3c71596b9ec1591f2f90840f8a33f4063c4c8891d41376b40a,2.12,2,0.0,0.0,0.0
03df257120256b5f0b87d25659946d42067a094c765bff830eb66d6ffba6f4d5da,2.12,2,0.0,594.0,592.9399999999999
039401f72bc0d40efb58b01de15527a2a5ae1943d7c29067b725a1467a93c7e66f,2.12,2,0.0,0.0,0.0
039bcf7778ad7b14cf5974cd2705b06a58a8bbf564ca1df4791100f81104716624,2.12,2,0.0,0.0,0.0
03ffbf7ef99f52555d40b3eee011dc6042541fa5f49629cbfb64f8c1730726b101,2.12,2,0.0,58.94,57.88
02d98ee97760aba8124606c177d0e4c246fc6cd7bd8f8bd3857f20805a62ecbc26,2.12,2,0.0,29.44,28.38
029afc726a18abc8dc75ef6c9ed34354c275261086597d98067dd972bd72965943,2.12,2,0.0,0.0,0.0
0299a2afe5137f52575e10260c0deb691d6dd6aa3cdbdc59b2c0e58d0ed3407f47,2.12,2,0.0,4.65,3.5900000000000007
03c7abcf7ef3d212faf3b48bc527bbd4e285579f71739d7be9ffeefbd5486a1727,2.12,2,0.0,0.0,0.0
02df6d3454bc4c0cdd9b6e5f04451f53c48d22300d3066cf4a8fb49effd025c0af,2.12,2,0.0,0.0,0.0
02480c283dea91c64dd76777ade0517cf697a42ac7dd4892735b41d456f381a450,2.12,2,0.0,30.44,29.38
030043d0a2cfb69d80867094eb030f8abde7a5dc36e1a0faece73e614cf779bde8,2.12,2,1.0,0.0,0.0
032e42afae47fafc446608e34d42c4483179014a49aa409110108cb00617395910,2.12,2,0.0,29.44,58.88
03a511c490430787699573a9de1987881831e6dce1077cfcd2c52c97c9c94f5339,2.12,2,1.0,0.0,0.0
03beea9d33087a8419f87d8a9ce8cd8d9feecd910e0394f3d5302a3c9fd83059ff,2.12,2,0.5,0.0,0.0
03317598ee590de12b4e267982ba2b3250cc6059549203b6d658b29ace439c63fc,2.12,2,0.0,57.88,56.82000000000001
02c58cabc78496cb847adbe4af654b2b0b94c54aa829840edde7777897a57e9db3,1.83,3,0.0,5.64,10.67
03c4bb19c3a388d790968328b0f0d187a1a28597d3ad082200a47baadfdb6aee8d,1.6869999999999998,7,0.42857142857142855,28.66,142.818
032b98bbdd48ca00300a627355900521c9302e6df363186a74e43213bcd3f781b2,1.6,1,0.0,0.0,0.0
03c63e8146aba2eda617489e08ae0fbe08d54e686c0f296d697c33cd67de4acc08,1.6,1,0.0,29.96,29.96
035736692722a47389d6be965d73a50b1ba63233a1b975aa55db7f90446f5708cb,1.6,1,0.0,0.0,0.0
02ef8eee471a04b6f5bc9eb69a2ea9625e71f3b93a5ee7dc6350474730cd1f29c9,1.6,1,0.0,0.0,0.0
039dc7f11d43dcf73d755ad5216c9f4d091886d8865d9890f4fb9c7729883f84d5,1.6,1,0.0,0.0,0.0
0206b61ab11081093c863f91e7be3f7d7f52e4c122f8ea5d5171f5078a476c323f,1.6,1,0.0,58.4,58.4
02009947c197575f5a948e1e4343c41dc2e6122a9bd644629afb919f30e1115ff8,1.6,1,1.0,0.0,0.0
03ebba42db1a05cff6cc69ed28924fe4bf4731995a43fd0b07160a58ef8b4a94ba,1.6,1,0.0,0.0,0.0
03f810ac5ca2edf9e7908b4edf98411a26b555d8aee6b1c9a0a5ad62b9359aa546,1.6,1,1.0,0.0,0.0
03b1ba0b913b793b4de77c9fbb5ed3bfc3897e247113b3c2d7d34fed0895ad4e1e,1.6,1,1.0,0.0,0.0
039044f8cc91c1069f1747fe237fe0e1d626abee240eaaf3f9b21b99fd9c8231c7,1.6,1,1.0,0.0,0.0
03f1ed5c4182534d9cee23c02248c862eb5b46ff295cc0a0c4beb73b138ed92fc8,1.6,1,1.0,0.0,0.0
03a46be38d068c2bc5af3fc13da840790ed5643f3d6d27e5e34d67ed2aec16ce67,1.6,1,0.0,0.0,0.0
0237fefbe8626bf888de0cad8c73630e32746a22a2c4faa91c1d9877a3826e1174,1.42,7,0.14285714285714285,54.0,161.76
03f163a59b2929b4b515d9dfd558f15ce23e95eadc109de013e6f7080d24644be2,1.4,2,0.0,150.36,149.66
036b343eb46c5db996d3d1e2c6cc9742cbfa7e3b4146d4b4b0aef694b6d12960c8,1.38,2,0.0,0.37,0.7400000000000002
028a2f0ca33134cfd5f655ed942ddcd9feb4a879831416bb23858d1d60154b0936,1.3,5,0.0,150.74,451.7
039d510570ab6e65fc8fb1f9ada5b63dc0f703a8d7dbde2fc11fb6f1e5810f6bbb,1.28,2,0.5,42.86,85.72
0388a2cd707ac944a2b0c8adbf67c4a313d24b6dc2ab2baba842f9a9eecf925131,1.272,8,0.0,150.84,149.727
0269b91661812bae52280a68eec2b89d38bf26b33966441ad70aa365e120a125ff,1.2400000000000002,4,0.0,29.44,29.26
03fbe1c1baedbc99b2642ae524d9c2a6f12b771a3ab91e0f56ca6efc6f7f7d53b6,1.18,1,0.0,0.01,0.010000000000000009
0207d58b94bd3946bf7eb8c27cea6cc29d147485efb33f284894e59062592f398a,1.1179999999999999,2,0.5,0.0,0.0
02ec7ef744397834c3015fc6486ef9d5d51820fddd42d951165f74b3af23591f17,1.06,1,1.0,0.0,0.0
02e5067afb7be9470214acc10d7b3ebc39e84cd7de57d86cc3598514fa6d821229,1.06,1,0.0,0.06,0.06000000000000005
02d13634c5cd765a5a9f8db5ddd25b399e9d7feb160f51e3b95c2aeeb1ee6e3156,1.06,1,1.0,0.0,0.0
0349e1165104b5606b94fa8e11499106f8e66526b497dcad6cc22d64987b0808e0,1.06,1,0.0,0.0,0.0
03620f31cf2bb95bb70c8c7bcdaa0698cd9bc7f17987290338af301eaa28c351be,1.06,1,0.0,0.0,0.0
03487fa0212243e20cb6504d5b93a144d0bc4d83d3d8a083691037a8892f9e5522,1.06,1,1.0,0.0,0.0
0348211ee76f3719b360d3ec33ab58f6ba2702ee8b5b579c4a9df6f9b78db70223,1.06,1,0.0,0.0,0.0
0301a6aa315c9c1812e76cede5f1d107d01e11c17183889ffe3f613a33e5972318,1.06,1,1.0,0.0,0.0
02cc40fe49b394bec5a127da528f45279a1c3edbe40fa12b85e9c465ae3373b46a,1.06,1,0.0,5.94,5.9399999999999995
033f142bfa5185797a8251cfbe47d64c525b922610b2856c6bbcdd5b812505a17b,1.06,1,0.0,0.54,0.54
02ccf167c482cbcd41c9a3ff3fe05504368db8911319d7851186b097a509d912c0,1.06,1,1.0,0.0,0.0
033cfe09030dff97391e08cd08c77834efcb44b706bee7ac7d0866b02ed67f356a,1.06,1,0.0,0.0,0.0
02fffb0baa1f8a64d92c8b4222278c33a9c16d0f37bba24104c678fd9e4e7f57d6,1.06,1,1.0,0.0,0.0
033ac2f9f7ff643c235cc247c521663924aff73b26b38118a6c6821460afcde1b3,1.06,1,1.0,0.0,0.0
034a6cbcc24be5ff1a3777e047933898ec6557ece040982cade99a47026c7f86e2,1.06,1,0.0,0.0,0.0
0337ee57e2a21764edd3b6dd5b161a7fca56d1bcb77396174cfe9ccb2d70218317,1.06,1,0.0,0.0,0.0
0331b1068db83bbcc3057ce11a0a5314e817d541de6d3bdba9710541932dd41095,1.06,1,0.0,2.0,2.0
02bebaf15c038fa52a59eb5870cd3b6cb3af6b38b91c316243805df8a2dbd20d3c,1.06,1,0.0,0.61,0.6099999999999999
0356c02ffe265f8ff38471e901785528d3da0668cd0a590ed67ee809d929c9bfd4,1.06,1,0.0,60.44,60.44
02ba67b33fa997a807e73dd9530695767e36ae9bb96988020eeb1593679c06a8f0,1.06,1,0.0,20.84,20.84
03584abd04d69168600340ad5d11723d324f2fc95ea36cbb84804580e344af235e,1.06,1,1.0,0.0,0.0
02b974116054be17576e6e8ed4110422e5a9d8775156fd829aa2eeb8aded87b290,1.06,1,0.0,28.87,28.87
02b8db36a01866d78cba98109886495f3c13c4b3668a8328b582a0c4fa460b4e8d,1.06,1,0.0,0.0,0.0
035f4a5671b2dcab14b3e610ca916e9864c3203b8f4bb825cd8b5732e02f864034,1.06,1,1.0,0.0,0.0
02d362505e2d7201a9ba342beda0ace7bde0ef24d60ae9b5aa43e21f13df9f1968,1.06,1,0.0,600.27,600.27
030b9d7e80a4cc1df746bfa4b79574d2334670d8b817ded494b98cd996f6ede960,1.06,1,0.0,58.94,58.94
0382ff7d87ba65b027f623386ea08b980fc4b688dfe7245aa3d79b81c18f6ca8c3,1.06,1,0.0,0.0,0.0
0361c37f8b01ea5f0b926abded5ed0300d5130a0654b0b5a4ff6241dfd0316cc15,1.06,1,0.0,60.44,60.44
02c921ef88d90e8760b31227ccc82dd8d4bb8082d636935abcde0cde4827f1ebb9,1.06,1,0.0,60.0,60.0
02fe9469e1d7da69539e365c9b2a64d277ed5589622cb314dc8b3060f3c55f79e6,1.06,1,0.0,28.87,28.87
0336bf99875b31ad9d78f2788d75bcb3deb52ff71ceac1ed96c5a6ff8aa3a429b3,1.06,1,0.0,0.0,0.0
02868e12f320073cad0c2959c42559fbcfd1aa326fcb943492ed7f02c9820aa399,1.06,1,1.0,0.0,0.0
031b3971363f95a2c645c96da138f9eec0a82ec41108d8c1946775e8f0e6638339,1.06,1,0.0,7.0,7.0
033254519c33b0b86ad8796c44cd8a04b3333149881d1453ce963c14e4af910099,1.06,1,0.0,82.44,82.44
02911515d46e371eacb87dbd5f513b03ab23031d17c3668293a8cca5369072dbea,1.06,1,0.0,0.0,0.0
035392249d0fa141c2607f3e97df94ab075fd386916a774df193158522ba5a9146,1.06,1,0.0,53.44,53.44
030e53eb818a2f7e0d48fd954d8a4c9645383b545952d9e4d51f32cbd85e26470a,1.06,1,0.0,0.0,0.0
0377c9f9105f3decdd06962f164001982de9f26a28b1f21a1a9ebcc160d13e6574,1.06,1,0.0,59.94,59.94
02a06694175d9b1989c5eb398c86da69ebdea439db7b847586c16dadbbc9c67bf8,1.06,1,0.0,29.44,29.44
02a0bc43557fae6af7be8e3a29fdebda819e439bea9c0f8eb8ed6a0201f3471ca9,1.06,1,0.0,120.44,120.44
037172d2110c4148d6ed0c2790ec8be948458022425dced6794fede834be92af36,1.06,1,0.0,0.0,0.0
030d609a79a8a0226b9ec3d76fad79ddcc7abcef9f65a64b46d8bbe2fc6be14705,1.06,1,0.0,0.0,0.0
036f709187264df770bd453270a95b579595a42cd89eab2ea437dfd537048a7250,1.06,1,1.0,0.0,0.0
02929175ac215cb282cd965d21b8bde87cf18828a4824f6a6e12b0098631b9f535,1.06,1,1.0,0.0,0.0
02aaaacf06de5c658fd1544301fe9e41670d079e942382d584db9a372d504b72be,1.06,1,0.0,1.29,1.29
036a1df81a31f76ba9a702dd7d29d606b2c08fac536d0c17dd48214c0245ca6353,1.06,1,0.0,0.0,0.0
03697040d580505a8e847776078db062173d7a2a2093f004c67e2c0734790e41fa,1.06,1,0.0,0.0,0.0
0366310a6e633c85c35b9477f09f63a4fa97b513844163b5cf36b350ecc0d09534,1.06,1,0.0,0.0,0.0
0364e8c300b4052baf18b1db5d03f3b8a831794aec94174b93b7acfd1e79fa2cd0,1.06,1,0.0,0.0,0.0
02ae3c06f6db6a87ea874ef7ba86c87ab0041eabf6d8be0594582505b1fd5d7ee8,1.06,1,1.0,0.0,0.0
02a3f6b694fb61c9211652340e5a5b0eeccad88701879ed1020ce5dd476c3e9691,1.06,1,0.0,30.5,30.5
037e7ab1c6168741e52601d1c109bcebd315c6415472c6ba746e6c3277bfff5368,1.06,1,0.0,0.0,0.0
031ac677972619e8e0a1b40593e01b04280dc4a18a7a9b5cb7c6e8e2673e31f644,1.06,1,0.0,0.0,0.0
03634bda49c9c42afd876d8288802942c49e58fbec3844ff54b46143bfcb6cdfaf,1.06,1,0.0,2.31,2.31
027962b0b105025f1c7fc87aa4b618bb847fd38e6d0a583cd1ac4d8d0a2a568891,1.06,1,0.0,23.5,23.5
027af98624687e3f6a51683344852d9eb122a51f49477434fe7392d1cadcf50539,1.06,1,0.0,4.88,4.879999999999999
027be164a1ce7cca51a9fbfa2ce7d833dee7ee18827f4121e84e8132a2bd782418,1.06,1,0.0,58.88,58.88
028548166d69c30d783d09798b5116e9ece1e3b217aae31632ac88c38cab5630a8,1.06,1,1.0,0.0,0.0
028686d520cfdc8f7d234e879ea6fc7a963009afbcdafd0c40387e1cacfa1173ea,1.06,1,0.0,0.0,0.0
038f91252ffd1b1f44711ccb84ce5509039c67fc178800f26518f4329c604fad18,1.06,1,0.0,1.06,1.06
031118c94f180709cb566f86396e345f7ad800a0be2d477b0c930a9677da91e46b,1.06,1,0.0,60.0,60.0
02894f48a1d5454700cdf879b0ea69285aa5ca2e4e387d8c68d92fddadfb7bbfa7,1.06,1,0.0,57.65,57.65
038c4288a41c79e47f37efccb2a0e1deb3b48291a7813f0be12179f9e84a4c6d35,1.06,1,0.0,29.44,29.44
028b3ba3aa14be49e5096758c2b062114251eafd9a3dec502c64f3f079322672cb,1.06,1,1.0,0.0,0.0
02c2d7e11f38b46c863a6718d19d49f52e0859ddd4827192a7fd9d25ecd61657a4,1.06,1,0.0,58.94,58.94
0227bf336b0b7f745cc77eefa802e70823e048bcf25fb1772320b8db1048370811,1.06,1,0.0,0.0,0.0
0279213a94ab9a2077377a4851c740da4b32fd8786d9d070b0454fc15a71e14afe,1.06,1,0.0,0.0,0.0
02310841b34230632b2e8185f9429dbf27a463270cf049a66ce2d56b524b283b6d,1.06,1,0.0,0.0,0.0
03cf4b2e2d09408f448535906ef1241092afc0bb51d854766605d6241e63aafcad,1.06,1,0.0,0.0,0.0
03ab2157b6b046ad0f499d3b6552acedadeda7a09c6c3542df52efc2ac8d756b0f,1.06,1,1.0,0.0,0.0
03e87608a34b8d715c0e49c7e8a2adb92fdf496e40a9b1fab2f0ecb32b502714ce,1.06,1,0.0,0.0,0.0
0245e5d03cf4387a7e430608e1a6717448876349720b5c9bdebf45b19f71a0404d,1.06,1,0.0,0.0,0.0
0200dfda3cb0250b2d801d200155ec056958cf598a30ffd36c207340cb9f6645a3,1.06,1,0.0,599.94,599.94
020425b428e51b983880a8450d01596fb161b3f78f3fc66285c8ead01bfc897556,1.06,1,0.0,148.88,148.88
03a001171949ec739cff4c92f9f6a6277bc542690daf92e97861181fc08ee08180,1.06,1,0.0,0.0,0.0
03f86226c21a84c2596c24ae70102da3f409e96d8b8766eace2e9724cc78de7314,1.06,1,1.0,0.0,0.0
03a21c0c2a4fdc1179f07710c32fe49804d3e2b0b1bdc760dc11cbf116da3bb363,1.06,1,1.0,0.0,0.0
03a36349d4bf3e1b0843d8f79608699f0e2f9881e37420c3954f7805f21189bf46,1.06,1,0.0,29.44,29.44
032542eaf885bd6edf897a6b89da3efe8a2df414d7fefd0229d08d2ee318c799aa,1.06,1,0.0,78.94,78.94
03a3ed01180122827529d364031b607148d882984b6635cc70b29c62ff38d9b5a6,1.06,1,0.0,58.94,58.94
020c7f6d847bf0fc99418351a5c02b0d36babf833f0613216dff3e808ebedea656,1.06,1,0.0,0.0,0.0
020f0d93c700cf5cf556e61828fab473a5c30ee6eb927ae36a130cc1c57326d21a,1.06,1,0.0,0.0,0.0
03aab2f1cc92dd1ab8e5052e796b87e01ff1a2005805ac5608075cd0b2b5c58428,1.06,1,0.0,58.94,58.94
03a4d23196b17e1f338c7143edd58c0a49c555bee17b0da159cfc4c62b8c7b4822,1.06,1,0.0,28.38,28.38
022f3bfa1de8491bad95ea018b17d47efbfe713cd2da59ad5fc380198612b8954a,1.06,1,0.0,109.44,109.44
0210a8a60f869a0054374540411e05d7461b6655a2e6f10e873d0e22715939fc56,1.06,1,0.0,36.44,36.44
02110544e20886a1f43c61490300fef4acaf18126633da94558a1f36735db45539,1.06,1,0.0,0.0,0.0
025537b1ae30299f02714199843650b58adf2ff59a013e40e56bb1330fefbe99df,1.06,1,1.0,0.0,0.0
024a853d9cdedafc164e49c2cef301966e5a78091322a84175b52d059d71b4d672,1.06,1,1.0,0.0,0.0
03a7a27ebb3f50b75db5cf633d42e02976f1e0bd15960781e8986d6f52b93fce19,1.06,1,0.0,0.0,0.0
03f006cd6c04920a63902df45be3baa4e7df82eed9c1e7f46e8441d57199682fa3,1.06,1,0.0,5.94,5.9399999999999995
0214041761821afc171b6907ee9ba36cb86307c3454305137b94a23fd81fcb4089,1.06,1,0.0,0.0,0.0
0261b19c8bb7ee4d46044e95c31316db72c64a45a32da43acb9a69825164755108,1.06,1,0.0,0.0,0.0
0246eaf6812013fb860306943f79a0e4fdc5971d5efaeb3cd58049545803bfb491,1.06,1,0.0,28.38,28.38
02167f321fc885c47fe7dbdb90330d6866196e268b82ff7f4b561508b386efd21a,1.06,1,0.0,58.94,58.94
03ec167b8086f16f76f8e723b253089b3768f063be9013e47c00078fe1dc3c878d,1.06,1,0.0,0.0,0.0
03a9b9b4d5bff67fb90d7deaf7db842e3aa5e3abea58fa488a8af3d163679107d7,1.06,1,0.0,5.94,5.9399999999999995
03cfcf239f16d4aaaf05a377bddf04378d5bcb0620317d508ae8d011b0be08d95e,1.06,1,1.0,0.0,0.0
03a3c2c47a5679aee396e8d51efc5c6b1e181fe3a1f7e7c7c89c33fa96d5faa577,1.06,1,0.0,60.0,60.0
02271f8ad4c3375619689776f1de924550e0cc8a9012dd5baf8303d5e28db8c520,1.06,1,0.0,0.0,0.0
023e3c71b3b89bf06d43986cd5d89eaf8d9ced0ea6d035c98ebd26b7b667040890,1.06,1,0.0,0.0,0.0
0351909b8ef735e9ed23df605eb3473377fd6f3c39f8697d4e9ea3c50705c5b6a3,1.06,1,1.0,0.0,0.0
02267dfd3548c201bcc74dbe067748d1738f58a84fdf46063a2396102b436851cb,1.06,1,1.0,0.0,0.0
034c4d5987d5b3b4704132ce5fefe044f7615c7882ad0ccccbf127ec29729bc7e6,1.06,1,0.0,0.39,0.3900000000000001
03025ad2f2514142b74b198a0863614a0ecc69dcc708a3ac91fb85c820ee2a60a0,1.06,1,0.0,571.79,571.79
02b60ffca21d6c5fb784c5e99d895c6cabfc467f1233da38c158accafe5ed4c859,1.06,1,0.0,0.0,0.0
038e87f3c1040381d303ee118f609075149b585e2c75b50cfe08c65556ca7edf7a,1.06,1,0.0,30.74,30.74
03c80be3937717b502e66dc6cf8ba2881c9e68a8398bfa08c2866babfc88a729f3,1.06,1,0.0,0.0,0.0
02459b759a62bc3ebfe98a320da237944cc4f35456384bd8fdefa7d0340c75f46f,1.06,1,0.0,0.0,0.0
021862c03891f8ff46094ba5a0d2523fc100d49e883c9070cbf50aaf09702f79e4,1.06,1,1.0,0.0,0.0
03aed93a4d0ef60f7c5f4642a096d05a41e217ad4977fed3fecb638879fbc884ce,1.06,1,0.0,5.94,5.9399999999999995
03e5a594f574f845409d474c105c5d233291f94d1fba4ee6a4de595c576bd2f4e1,1.06,1,0.0,0.06,0.06000000000000005
021e6d24ce6ab022428b8f047ff82d6029d779cd3eed2e96254444f13bdd7ea796,1.06,1,0.0,0.54,0.54
022007421ad9e0ccf118cc26d904f5972c568019cadc87f450025dd41aac9167a7,1.06,1,0.0,0.54,0.54
0242290d02d2cd0d0edd3754541eda6c4b71e58df2c8fc88513c3d8190e8120a4b,1.06,1,0.0,0.0,0.0
034cfb8dcb453372e8f13915cc770bcd7bb0f0809dd1b47c0c3b43b969ff9ff3b7,1.06,1,0.0,28.15,28.15
023d696f812e347d57219710ecdf7b55236a2c0a6bde1e2594fac99cffb41b92c1,1.06,1,0.0,60.18,60.18
03bfe4008a3dcf2f8f6d892d00e61086abdc23b4bdeae59319e9ad884b2038166d,1.06,1,0.0,0.0,0.0
02316000fd8baccf0ea45cadea711663feed67b68997de307e878441be7e9de34f,1.06,1,0.0,0.0,0.0
0232dfb488b67c20883a1dbf32aa0b65f326cbc0cd6cef424db7acfb7f514aff0d,1.06,1,1.0,0.0,0.0
0234d70cf65a4e8974d3d49e23ec7b9792877f783f2f5dfd3882422aada18a916c,1.06,1,0.0,31.43,31.430000000000003
02235e7e27a75a9626f4d6cee16ae1d75e6173227b1c7ac7993e036ef1f695a73d,1.06,1,0.0,35.38,35.38
022457e61da38e1a7cac56a054eb0ef225d84dfc6b932dfa119ad7fe6fbecdb71d,1.06,1,0.0,1.6,1.6
02354f446c12c9759409f533cc180dd400ace7e2efd93d4791c6147a883ca37cf0,1.06,1,0.0,5.94,5.9399999999999995
02368951159b28b9bb2923f4d1b265856e559586f79575298385d5b228cc5757f9,1.06,1,0.0,0.0,0.0
0237480cd2c974bfdb034f4effa8030885c7d3645c0a6e7b6ea99dbaf37e150497,1.06,1,0.0,0.0,0.0
03dcc94ab317def2d988552e8d838d20cb5e86ba93c86098e43ba366fa843f5357,1.06,1,0.0,7.0,7.0
02390b726b5139c5447b1ee2ed9e4ad81594041861b4e28f8c7ad36fc3681bf06a,1.06,1,0.0,0.0,0.0
03bb23b522d2a5d9c239addb6b788c4c1b0ded20a6a6d87c1b041fcd40fc21d2d6,1.06,1,0.0,0.0,0.0
03dd80145ece2ff7d69114e2aa4b809c4e93135a869d5833c4b3d1b7b77294c5b8,1.06,1,0.0,5.4,5.4
03ee180e8ee07f1f9c9987d98b5d5decf6bad7d058bdd8be3ad97c8e0dd2cdc7ba,0.8999999999999999,15,0.26666666666666666,600.94,3004.1000000000004
02da8d5a759ee9e4438da617cfdb61c87f723fb76c4b6371b877d0347abe953a4f,0.6599999999999999,11,0.2727272727272727,38.5,153.58
02e389d861acd9d6f5700c99c6c33dd4460d6f1e2f6ba89d1f4f36be85fc60f8d7,0.64,2,0.5,0.67,1.3399999999999999
033aa93d8abed5a070efd69e1119351eed005b3af4c0de43db350adc2278c914d5,0.6,1,0.0,0.0,0.0
0278630413d5af0d3981e1788d9ff27e47bc5640ac2ecb6d123309a0992a67bb08,0.56,1,0.0,0.0,0.0
035ee4232e84202c4c7a70f479beba74a424b7ee6235123400071844fa2efedd7e,0.56,1,1.0,0.0,0.0
0290cc884704073b2b633f69f852e8ca2a37660bb359a1e861f2b48760c298ac53,0.51,1,1.0,0.0,0.0
0384417e479afb21bff425f467382f9c064ac08bd422ea36542fa6799e026d77e6,0.48,3,0.6666666666666666,30.34,91.02
02c5371591b640da03f9a645e2ddfa5620d8537388b03ddd524d36766c0f550db0,0.427,7,0.0,59.94,119.57499999999999
022c3b4bdf935d254a3b3689f0496b8ca55655bf7c5032664899fec252f993bc5e,0.4,1,1.0,0.0,0.0
03434a39cd9a537c852fc8fb72454086d726f9111e9f730cef4985c39c11fae944,0.32,2,0.0,30.34,60.68
03d24a4d2c8841890779f3c788cd269d467ad8ff8fcfdc21c8ceead42c7dd7f04b,0.24,4,0.0,23.88,47.63999999999999
029a06f84c9bfddcf4dca173a4d1a540e6ce7f75cc7d1dde9fd5a70d80c504da07,0.24,4,0.0,6.94,6.76
037eb17d0fee2d20bacea3d78940b40f4ac61a5a7040a23b6e8280c80d7ebfb420,0.18,3,0.0,0.67,0.55
0335f1fcbb62b9490d0b4007fa158669e42f08599149b2cc54ed1d36888737e6d7,0.16,1,0.0,0.9,0.9
02c88a0df5e9ea7df582647f79b70b8e441047de308fd6b24408b8bd775f2234bd,0.122,2,0.0,6.94,13.88
033c87f6e5e202a4569d6d074da09cad4210a25bb89f00d6f53caa7429f6e55eed,0.12,2,0.0,0.0,0.0
0371719964ae7f42264932ad3f54940f146a00289c23ad9ac2bb6cb825c4730a58,0.12,2,0.0,0.0,0.0
03345d99a94e2fc8a69698f8bbec6bea5a4e8dbaf8b313085bb9710f6014765e45,0.12,2,0.0,55.94,55.88
03f18da23535adee245903c81750745197e3079d3b88b3898981c90a5f2411008c,0.061,1,0.0,58.34,58.34
03ee7c5f9e2092bbb09e8db799b069f991e6398f6c1e61cdd9a6ad8ecf83924a22,0.061,1,1.0,0.0,0.0
031d2bbc75802689312220a017c6b51fa246efc59c7aa9355f6f7395038ffb4d6a,0.061,1,1.0,0.0,0.0
03f09c85dae5712b682d28bf2bf558102f3e5a6d27ba2a1daf8da49984c8ca53b7,0.06,1,0.0,0.0,0.0
02f302189b8c0028aa919e5441a5d7e80c82ebdff421219e34408acea58274a823,0.06,1,0.0,6.94,6.94
03a76b80027d7c067e0da77da95880faaf89e9bf87b73a7d57bd4a3f2a124b764f,0.06,1,0.0,1.0,1.0
032260c3b64b471b7eb0630b4af5d07ca94ff4e759573cbbe1bfb25845c375ed6e,0.002,2,0.0,30.5,30.499000000000002
02fcc4b0a87749b022f05568d5ef893b7893bcbaa99276bbbb55d9e9abc1bdced0,0.0,7,0.14285714285714285,8.6,25.799999999999997
